{
    "ita_geo": 6.5173545585586865,
    "ita_fdtd": 7.320512444142524,
    "ita_ref": 2.5
}